{
    "completion_tokens": 865,
    "prompt_tokens": 1908,
    "total_tokens": 2773,
    "completion_time": 3.595404092,
    "prompt_time": 0.056040298,
    "queue_time": 0.297283586,
    "total_time": 3.65144439
}