{
    "completion_tokens": 1713,
    "prompt_tokens": 1766,
    "total_tokens": 3479,
    "completion_time": 7.184210582,
    "prompt_time": 0.047004527,
    "queue_time": 0.08689511800000002,
    "total_time": 7.231215109
}