{
    "completion_tokens": 1634,
    "prompt_tokens": 2168,
    "total_tokens": 3802,
    "completion_time": 5.9418181820000004,
    "prompt_time": 0.154460905,
    "queue_time": 0.094531492,
    "total_time": 6.096279087
}