{
    "completion_tokens": 1518,
    "prompt_tokens": 2350,
    "total_tokens": 3868,
    "completion_time": 5.52,
    "prompt_time": 0.180243237,
    "queue_time": 0.09927467699999998,
    "total_time": 5.7002432370000005
}