{
    "completion_tokens": 2007,
    "prompt_tokens": 1950,
    "total_tokens": 3957,
    "completion_time": 3.961601423,
    "prompt_time": 0.055164238,
    "queue_time": 0.08505964999999999,
    "total_time": 4.016765661
}