{
    "completion_tokens": 738,
    "prompt_tokens": 2017,
    "total_tokens": 2755,
    "completion_time": 0.866848043,
    "prompt_time": 0.042488685,
    "queue_time": 0.123474785,
    "total_time": 0.909336728
}