{
    "completion_tokens": 2035,
    "prompt_tokens": 1770,
    "total_tokens": 3805,
    "completion_time": 4.148533362,
    "prompt_time": 0.056498031,
    "queue_time": 0.086897372,
    "total_time": 4.205031393
}