{
    "completion_tokens": 1107,
    "prompt_tokens": 1818,
    "total_tokens": 2925,
    "completion_time": 2.204443338,
    "prompt_time": 0.047613867,
    "queue_time": 0.08620710000000001,
    "total_time": 2.252057205
}