{
    "completion_tokens": 1090,
    "prompt_tokens": 2154,
    "total_tokens": 3244,
    "completion_time": 5.734424361,
    "prompt_time": 0.153477896,
    "queue_time": 0.10288814699999999,
    "total_time": 5.887902257
}