{
    "completion_tokens": 2053,
    "prompt_tokens": 1691,
    "total_tokens": 3744,
    "completion_time": 4.410095656,
    "prompt_time": 0.05811815,
    "queue_time": 0.102924865,
    "total_time": 4.468213806
}