{
    "completion_tokens": 1815,
    "prompt_tokens": 1985,
    "total_tokens": 3800,
    "completion_time": 3.897034124,
    "prompt_time": 0.06257544,
    "queue_time": 0.087808377,
    "total_time": 3.959609564
}