{
    "completion_tokens": 945,
    "prompt_tokens": 1981,
    "total_tokens": 2926,
    "completion_time": 4.449313307,
    "prompt_time": 0.069959655,
    "queue_time": 0.407552877,
    "total_time": 4.519272962
}