{
    "completion_tokens": 690,
    "prompt_tokens": 1906,
    "total_tokens": 2596,
    "completion_time": 2.509090909,
    "prompt_time": 0.130835922,
    "queue_time": 0.093405249,
    "total_time": 2.639926831
}