{
    "completion_tokens": 1212,
    "prompt_tokens": 2181,
    "total_tokens": 3393,
    "completion_time": 4.407272727,
    "prompt_time": 0.155022894,
    "queue_time": 0.096794664,
    "total_time": 4.562295621
}