{
    "completion_tokens": 1242,
    "prompt_tokens": 2170,
    "total_tokens": 3412,
    "completion_time": 4.516363636,
    "prompt_time": 0.203932475,
    "queue_time": 0.09565367200000002,
    "total_time": 4.720296111
}