{
    "completion_tokens": 1341,
    "prompt_tokens": 1823,
    "total_tokens": 3164,
    "completion_time": 6.5347280229999996,
    "prompt_time": 0.060950221,
    "queue_time": 0.08735140899999999,
    "total_time": 6.595678244
}