{
    "completion_tokens": 1274,
    "prompt_tokens": 2159,
    "total_tokens": 3433,
    "completion_time": 4.632727273,
    "prompt_time": 0.155552631,
    "queue_time": 0.094678604,
    "total_time": 4.788279904
}