{
    "completion_tokens": 4057,
    "prompt_tokens": 1693,
    "total_tokens": 5750,
    "completion_time": 18.843020594,
    "prompt_time": 0.052612032,
    "queue_time": 0.511827499,
    "total_time": 18.895632626
}