{
    "completion_tokens": 892,
    "prompt_tokens": 1688,
    "total_tokens": 2580,
    "completion_time": 3.707778603,
    "prompt_time": 0.045649413,
    "queue_time": 0.08821931,
    "total_time": 3.753428016
}