{
    "completion_tokens": 623,
    "prompt_tokens": 1927,
    "total_tokens": 2550,
    "completion_time": 1.3642718,
    "prompt_time": 0.057041411,
    "queue_time": 0.08481964199999999,
    "total_time": 1.421313211
}