{
    "completion_tokens": 722,
    "prompt_tokens": 1906,
    "total_tokens": 2628,
    "completion_time": 2.971465761,
    "prompt_time": 0.054034051,
    "queue_time": 0.085603916,
    "total_time": 3.025499812
}