{
    "completion_tokens": 1882,
    "prompt_tokens": 1827,
    "total_tokens": 3709,
    "completion_time": 4.049424629,
    "prompt_time": 0.067316136,
    "queue_time": 0.08754582999999999,
    "total_time": 4.116740765
}