{
    "completion_tokens": 2380,
    "prompt_tokens": 1660,
    "total_tokens": 4040,
    "completion_time": 5.086382533,
    "prompt_time": 0.050986808,
    "queue_time": 0.085762915,
    "total_time": 5.137369341
}