{
    "completion_tokens": 1109,
    "prompt_tokens": 1690,
    "total_tokens": 2799,
    "completion_time": 4.742245839,
    "prompt_time": 0.047407266,
    "queue_time": 0.08564476800000001,
    "total_time": 4.789653105
}