{
    "completion_tokens": 753,
    "prompt_tokens": 1988,
    "total_tokens": 2741,
    "completion_time": 1.548308663,
    "prompt_time": 0.064280539,
    "queue_time": 0.086461956,
    "total_time": 1.612589202
}