{
    "completion_tokens": 1712,
    "prompt_tokens": 1918,
    "total_tokens": 3630,
    "completion_time": 6.225454545,
    "prompt_time": 0.139200816,
    "queue_time": 0.011042589999999991,
    "total_time": 6.364655361
}