{
    "completion_tokens": 1511,
    "prompt_tokens": 1940,
    "total_tokens": 3451,
    "completion_time": 5.494545455,
    "prompt_time": 0.139366244,
    "queue_time": 0.094627087,
    "total_time": 5.633911699
}