{
    "completion_tokens": 910,
    "prompt_tokens": 1732,
    "total_tokens": 2642,
    "completion_time": 1.8440887849999998,
    "prompt_time": 0.046482797,
    "queue_time": 0.08638979500000002,
    "total_time": 1.890571582
}