{
    "completion_tokens": 2324,
    "prompt_tokens": 1769,
    "total_tokens": 4093,
    "completion_time": 4.857035836,
    "prompt_time": 0.045626924,
    "queue_time": 0.086596828,
    "total_time": 4.90266276
}