{
    "completion_tokens": 1299,
    "prompt_tokens": 2036,
    "total_tokens": 3335,
    "completion_time": 2.561911818,
    "prompt_time": 0.052190666,
    "queue_time": 0.085478464,
    "total_time": 2.614102484
}