{
    "completion_tokens": 1725,
    "prompt_tokens": 1984,
    "total_tokens": 3709,
    "completion_time": 2.223984135,
    "prompt_time": 0.079332263,
    "queue_time": 0.122906437,
    "total_time": 2.3033163979999998
}